<?xml version="1.0"?>
<doc>
    <assembly>
        <name>BeeShopORM</name>
    </assembly>
    <members>
        <member name="F:BeeShopORM.Business.c">
            <summary>
            This class contains the methods witch reference to their corresponding repository.
            Each table has four methods to work with. Add, Drop(Delete), Update, List(Print data).
            The actual methods are in the repositories, but the Business class connect the User with 
            the methods.
            </summary>
        </member>
        <member name="P:BeeShopORM.Model.BeeShopContext.PayingMethods">
            <summary>
            This class is the connection between our database and our code. Our properties represend our tables
            in our database
            </summary>
        </member>
        <member name="M:BeeShopORM.Model.BeeShopContext.OnConfiguring(Microsoft.EntityFrameworkCore.DbContextOptionsBuilder)">
            <summary>
            This method builds the actual connection between the SQL server and the project
            </summary>
            <param name="optionsBuilder"></param>
        </member>
        <member name="F:BeeShopORM.View.Display.controller">
            <summary>
            This class represent everything that is displayed on the console.
            It communicates with the user and helps him with the manipulation of table data
            </summary>
        </member>
    </members>
</doc>
